# name	version	category	summary — generated Stable catalog; do not edit
canvas	1.0.0	graphics	Drawing and image editing
cipher	1.0.0	utilities	Honest hashing, encoding, and authenticated text sealing
comms	1.0.0	communication	Live chat client with persistent conversation cache
logbook	1.0.0	productivity	Notes with search and export
navcomp	1.0.0	maps	Real Mapbox map with pan, zoom, and persistent tile cache
navigator	1.0.0	network	Web browser with HTML, CSS, JavaScript, images, and multiple tabs
tazama	1.0.0	media	Local video and audio playback across multiple sources
uplink	1.0.1	communication	Mail client with compose and durable offline cache
vault	1.0.0	security	Encrypted password store with authenticated recovery export
